<?xml version="1.0" encoding="UTF-8" standalone="yes"?>
<addon id="repository.icanuck" name="iCanuck's XBMC Addons" version="1.0.2" provider-name="iCanuck">
	<extension point="xbmc.addon.repository" name="iCanuck's XBMC Addon Repository">
       <info>https://icanuckxbmcrepo.svn.cloudforge.com/icanuckxbmcrepo/trunk/addons.xml</info>
       <checksum>https://icanuckxbmcrepo.svn.cloudforge.com/icanuckxbmcrepo/trunk/addons.xml.md5</checksum>
       <datadir zip="true">https://icanuckxbmcrepo.svn.cloudforge.com/icanuckxbmcrepo/trunk/</datadir>	
	</extension>
	<extension point="xbmc.addon.metadata">
		<summary>Install iCanuck's Addons</summary>
		<description>Download and install addons by iCanucks</description>
		<platform>all</platform>
	</extension>
</addon>
