<?xml version="1.0" encoding="UTF-8"?>
<addon id="plugin.video.afl-video" name="AFL Video" provider-name="Andy Botting" version="1.4.0">
   <requires>
      <import addon="xbmc.python" version="2.1.0"/>
      <import addon="script.module.beautifulsoup"/>
   </requires>
   <extension library="default.py" point="xbmc.python.pluginsource" provides="video">
    <provides>video</provides>
  </extension>
   <extension point="xbmc.addon.metadata">
      <summary>AFL Video</summary>
      <description>Watch the latest AFL replays and post match press reports.</description>
      <disclaimer>This plugin is not affiliated with the AFL or Bigpond Video in any way.</disclaimer>
      <provides>video</provides>
      <platform>all</platform>
      <license>GPL 3</license>
   </extension>
</addon>
