<?xml version="1.0" encoding="UTF-8"?>
<addon id="plugin.video.howstuffworks_com" name="HowStuffWorks.com" version="2.0.4" provider-name="AddonScriptorDE">
    <requires>
        <import addon="xbmc.python" version="2.1.0"/>
    </requires>
    <extension point="xbmc.python.pluginsource" library="default.py">
        <provides>video</provides>
    </extension>
    <extension point="xbmc.addon.metadata">
        <platform>all</platform>
        <summary lang="en">Learn How Everything Works!</summary>
        <language>en</language>
        <description lang="en">Learn How Everything Works!</description>
        <website>http://www.howstuffworks.com</website>
        <source>https://github.com/AddonScriptorDE/plugin.video.howstuffworks_com</source>
        <forum>http://forum.xbmc.org/showthread.php?tid=137984</forum>
        <email>AddonScriptorDE at yahoo dot de</email>
    </extension>
</addon>
