<?xml version="1.0" encoding="UTF-8" standalone="yes"?>
<addon id="plugin.video.espn_3"
       name="ESPN 3"
       version="1.0.0"
       provider-name="Ksosez,BlueCop,Romans I XVI">
    <requires>
        <import addon="xbmc.python" version="2.1.0"/>
	<import addon="script.module.beautifulsoup" version="3.2.1"/>
    	<import addon="script.module.mechanize" version="0.2.6"/>
    </requires>
    <extension point="xbmc.python.pluginsource"
               library="default.py">
        <provides>video</provides>
    </extension>
    <extension point="xbmc.addon.metadata">
	<language />
        <platform>all</platform>
        <license>GNU GENERAL PUBLIC LICENSE. Version 3, 29 June 2007</license>
        <summary lang="en">ESPN</summary>
        <description lang="en">Watch full live streaming sporting events and replays on ESPN 3, including football, baseball, cricket, soccer, and basketball events.</description>
	<forum>http://forum.xbmc.org/showthread.php?tid=186028</forum>
	<source>https://github.com/asojka09/plugin.video.espn_3.git</source>
	<email>austinsojka@hotmail.com</email>
    </extension>
</addon>
