<?xml version="1.0" encoding="UTF-8" standalone="yes"?>
<addon id="plugin.video.bbcsportstreams"
       name="BBC Sport Streams"
       version="0.0.1"
       provider-name="Dom">
    <requires>
        <import addon="xbmc.python" version="1.0"/>
    </requires>
    <extension point="xbmc.python.pluginsource"
               library="default.py">
        <provides>video audio</provides>
    </extension>
    <extension point="xbmc.addon.metadata">
        <platform>all</platform>
        <summary>Watch BBC Sport Live Streams</summary>
        <description>This XBMC plugin enables (UK only) the playing of live TV content from the BBC Sport website.</description>
    </extension>
</addon>
