<?xml version="1.0" encoding="UTF-8"?>
<addoninfo>
    <!-- (required) guuid: unique identifier of this addon
    guuids can be generated online at sites such as http://www.famkruithof.net/uuid/uuidgen -->
    <guid>e268a0e0-d037-11de-8a39-0800200c9a66</guid>

    <!-- (required) type:
    1:  visualization
    2:  skin
    3:  pvrdll
    4:  script
    5:  scraper
    6:  screensaver
    7:  plugin-pvr
    8:  plugin-video
    9:  plugin-music
    10: plugin-program
    11: plugin-pictures
    12: plugin-weather -->
    <type>8</type>

    <!-- (required) Title -->
    <title>IPlayer</title>

    <!-- (required) Major.minor.build -->
    <version>2.4.17</version>

    <!-- (required) author name & email.  at least one author name is required -->
    <authors>
        <author name="BuZz" email="buzz@exotica.org.uk" />
        <author name="Dink" email="dink12345@gmail.com" />
    </authors>

    <!-- (required) Short description of addon. -->
    <summary>BBC iPlayer plugin</summary>

    <!-- Longer descrption of addon.  Usage instructions should go here if required. -->
    <description>This XBMC plugin enables (UK only) the playing of TV and Radio catchup content from the BBC IPlayer website. Live radio and TV feeds are also supported. </description>

    <!-- user defined tags e.g. <tags><tag>Example</tag></tags> -->
    <tags>
        <tag></tag>
    </tags>

    <!-- minimum revision of xbmc your addon will run on.  Leave blank all revisions-->
    <minrevision>r30366</minrevision>

    <!--platforms compatible with your addon.   xbox, osx, windows, linux, or all -->
    <platforms>
        <platform>all</platform>
    </platforms>

    <!--list any dependancies (such as another addon,  your addon may have.  minversion and maxversion are optional-->
    <dependencies>
        <dependency minversion="" maxversion=""></dependency>
    </dependencies>

    <!-- (optional) Whatever is put in disclaimer will be shown before download in an ok/cancel dialog.
    Keep it short and to the point. -->
    <disclaimer>This plugin only works within the UK.</disclaimer>

    <!-- (optional) The License the addon is released under.-->
    <license>GPL</license>
</addoninfo>
