<?xml version="1.0" encoding="UTF-8" standalone="yes"?>
<addon id="repository.todits.xbmc.addons" name="todits.xbmc Add-ons" version="0.0.1" provider-name="todits">
	<extension point="xbmc.addon.repository" name="todits.xbmc Add-ons">
		<info compressed="false">http://todits-xbmc.googlecode.com/git/addons.xml</info>
		<checksum>http://todits-xbmc.googlecode.com/git/addons.xml.md5</checksum>
		<datadir zip="false">http://todits-xbmc.googlecode.com/git/</datadir>
	</extension>
	<extension point="xbmc.addon.metadata">
		<summary>XBMC Plugins</summary>
		<description>Install XBMC Plugins</description>
		<disclaimer>No warranty here.</disclaimer>
		<language>en</language>
		<platform>all</platform>
	</extension>
</addon>
