<?xml version="1.0" encoding="UTF-8" standalone="yes"?>
	<addon 
        id="repository.imaxpo" 
        name="iMaxpo's Repository" 
        version="1.0.8" 
        provider-name="iMaxpo">
		<extension point="xbmc.addon.repository" name="iMaxpo's addon repository">
			<info compressed="false">https://raw.github.com/luftreich/imaxpo.xbmc/master/addons.xml</info>
			<checksum>https://raw.github.com/luftreich/imaxpo.xbmc/master/addons.xml.md5</checksum>
			<datadir zip="true">https://raw.github.com/luftreich/imaxpo.xbmc/master/plugin_zips</datadir>
		</extension>
		<extension point="xbmc.addon.metadata">
			<summary lang="en">iMaxpo's Addon Repository</summary>
			<description lang="en">Addons developed by Luftreich.[CR]For support, please visit the iMaxpo forums.[CR][CR]Powered by [COLOR blue][B]iMaxpo[/B].com[/COLOR]</description>
            <disclaimer lang="en">For bugs, requests or general questions contact iMaxpo on the iMaxpo forum.</disclaimer>
            <platform>all</platform>
			<license>GNU GENERAL PUBLIC LICENSE. Version 3, June 2007</license>
            <language>en</language>
            <forum>http://www.imaxpo.com/forums/</forum>
            <website>http://www.imaxpo.com/</website>
            <email></email>
            <source>https://raw.github.com/luftreich/imaxpo.xbmc/master/repository.imaxpo</source>
		</extension>
	</addon>
