<?xml version="1.0" encoding="UTF-8"?>
<addon id="plugin.video.atv_at" name="ATV.at" version="2.0.5" provider-name="AddonScriptorDE">
    <requires>
        <import addon="xbmc.python" version="2.1.0"/>
    </requires>
    <extension point="xbmc.python.pluginsource" library="default.py">
        <provides>video</provides>
    </extension>
    <extension point="xbmc.addon.metadata">
        <platform>all</platform>
        <summary lang="de">ATV.at Mediathek</summary>
        <summary lang="en">ATV.at media library</summary>
        <language>de</language>
        <description lang="de">ATV.at Mediathek</description>
        <description lang="en">ATV.at media library</description>
    <platform>all</platform>
    </extension>
</addon>
