<?xml version="1.0" encoding="UTF-8" standalone="yes"?>
<addon id="plugin.video.tekosman"
       name="POWERTV"
       version="0.0.16"
       provider-name="xbmcTR Team">
  <requires>
	<import addon="xbmc.python" version="2.1.0"/>
	<import addon="script.xbmctr" />
	<import addon="script.module.xbmctr" />
	<import addon="script.module.urlresolver" />
	</requires>
  <extension point="xbmc.python.pluginsource" library="default.py">
        <provides>video</provides>
  </extension>
  <extension point="xbmc.addon.metadata">
    <summary>xbmcTR Team Sunar</summary>
    <description>~~~xbmcTR Team Sunar ~~~ POWERTV ~~~</description>
    <platform>all</platform>
  </extension>
</addon>

