<?xml version="1.0" encoding="UTF-8" standalone="yes"?>
<addon id="plugin.video.wisselz" name="wisselz.com" version="1.1" provider-name="DSS">
	<requires>
		<import addon="plugin.video.veetle" version="0.3.1" optional="false"/>
	</requires>
	<extension point="xbmc.python.pluginsource" library="default.py">
		<provides>video</provides>
	</extension>
	<extension  point="xbmc.addon.metadata">
		<summary lang="nl">Bekijk de streams van Veetle op uw XBMC / Kodi.</summary>
		<description lang="nl">Met deze plugin is het mogelijk om streams van Veetle te bekijken.[CR]Let op: Veetle dient te zijn geinstalleerd.</description>
		<platform>all</platform>
		<website></website>
	</extension>
</addon>
