<?xml version="1.0" encoding="UTF-8" standalone="yes"?>
<addon id="plugin.video.pftv" name="Project Free TV" version="0.0.1" provider-name="bemerson">
  <requires>
    <import addon="xbmc.python" version="2.1.0"/>
    <import addon="script.module.beautifulsoup4" />
    <import addon="script.module.simplejson" />
    <import addon="script.module.urlresolver" />
  </requires>
  <extension point="xbmc.python.pluginsource" library="default.py">
	<provides>video</provides>
  </extension>
  <extension point="xbmc.addon.metadata">
    <platform>all</platform>
    <summary lang="en">Project Free TV Library Exporter</summary>
    <description lang="en">Browse and export to local library Project Free TV shows and movies</description>
    <disclaimer></disclaimer>
  </extension>
</addon>
