<?xml version="1.0" encoding="UTF-8" standalone="yes"?>
<addon id="plugin.video.mxthai" name="MX live Thai TV" version="1.1.2" provider-name="MX">
  <requires>
    <import addon="xbmc.python" version="2.1.0"/>
  </requires>
  <extension point="xbmc.python.pluginsource" library="default.py">
    <provides>video</provides>
  </extension>
  <extension point="xbmc.addon.metadata">
    <summary lang="en">Live Thai TV Channels</summary>
    <description lang="en">Some of popular Thai TV channels. Some of the channels in this addon may require a 16mbis or higher connection as 
	they are high speed streams in their country of origin and may buffer from time to time or just not play if you have slower internet speeds.
	This add-on is not for sale and provided to TVaddons.ag ONLY if you got this from somewhere else tell me on www.tvaddons.ag </description>
    <disclaimer lang="en">This live TV content can change at anytime and does change, as we do not run the content server(s) for this addon</disclaimer>
    <language>EN</language>
    <platform>all</platform>
    <license>GNU 3</license>
    <forum></forum>
    <website>www.tvaddons.ag</website>
    <email></email>
    <source></source>
  </extension>
</addon>